epoch,train loss,val loss,swa
0.0,0.4582037361714858,0.4594096132546417,n
19.0,0.24029803884021173,0.28712581832875234,y
39.0,0.15764750508420802,0.2746306969771372,y
59.0,0.10771705962969137,0.267843612626236,y
79.0,0.0803392616984435,0.2607652579457307,y
99.0,0.06296709177824318,0.2632107041755655,y
119.0,0.0520372547255476,0.2591125892870354,y
139.0,0.044691295643496894,0.2573951374400746,y
159.0,0.03883576479391917,0.26523738262081936,y
179.0,0.03432101152996455,0.2646242583750365,y
