epoch,train loss,val loss,swa
0.0,0.44785032674510544,0.41823630471255896,n
19.0,0.1922462429919541,0.27878659535508127,y
39.0,0.10726897241827776,0.2594547219039327,y
59.0,0.07586395868247989,0.2606522292721996,y
79.0,0.05446604894512136,0.2647621427451708,y
99.0,0.04494866672124246,0.25824803838413724,y
119.0,0.037293347692637965,0.2621743573668253,y
139.0,0.032862333743744476,0.2631218802204448,y
